question,answer
"I am writing to express my profound appreciation for the exceptional customer service experience I recently had the privilege of enjoying. The attention to detail and commitment to excellence truly sets your organization apart in today's competitive landscape.","ai_generated"
"As we delve into the intricacies of this complex topic, it becomes increasingly evident that a multifaceted approach is paramount to achieving optimal results. The synergistic integration of various methodologies will undoubtedly yield transformative outcomes.","ai_generated"
"In today's dynamic landscape, businesses must leverage cutting-edge solutions to stay ahead of the curve and unlock unprecedented growth opportunities. This paradigm shift requires a holistic approach to innovation.","ai_generated"
"The tapestry of human experience is woven with threads of both triumph and adversity. It is through navigating these challenges that we cultivate resilience and discover our true potential.","ai_generated"
"I hope this message finds you well. I wanted to reach out regarding the matter we discussed previously. Please let me know if you require any additional information or clarification.","ai_generated"
"I would be delighted to further explore this opportunity and discuss how my extensive skill set aligns perfectly with your organization's vision and strategic objectives.","ai_generated"
"The product offers innovative features that enhance user experience. It provides seamless integration with existing systems and delivers consistent performance across multiple platforms.","ai_generated"
"This approach demonstrates significant benefits for organizations seeking to optimize their workflows. The implementation process is straightforward and results in improved efficiency.","ai_generated"
"Thank you for your inquiry. I appreciate your interest in our services. We strive to provide quality solutions that meet our clients' needs and exceed expectations.","ai_generated"
"The research findings suggest that there are multiple factors contributing to this phenomenon. Further investigation is needed to fully understand the underlying mechanisms.","ai_generated"
"Our team is committed to delivering excellence in every project. We work closely with clients to ensure their requirements are met and objectives are achieved.","ai_generated"
"This solution has been designed with user convenience in mind. It offers a range of features that cater to various needs and preferences.","ai_generated"
"Navigating the complexities of modern challenges requires strategic thinking and innovative solutions that align with organizational goals and stakeholder expectations.","ai_generated"
"It is imperative that we establish clear communication channels to facilitate seamless collaboration and ensure all parties remain informed throughout the process.","ai_generated"
"dude the new update is trash, keeps crashing on my phone wtf","human_written"
"omg i cant believe this happened!! literally so embarrassing lol my friend saw everything ðŸ˜­ðŸ˜­","human_written"
"yeah so basically i tried the thing you mentioned and it didnt work. any other ideas? kinda frustrated ngl","human_written"
"just got back from the store and forgot the ONE thing i went there for ðŸ¤¦ why am i like this","human_written"
"idk man seems sketchy to me. wouldnt trust it but thats just my 2 cents","human_written"
"THIS IS AMAZING! finally something that actually works thank you so much!!!","human_written"
"nah bro you're thinking of the other one, this is completely different. check the specs","human_written"
"my cat just knocked over my coffee all over my keyboard... RIP my productivity today","human_written"
"honestly? not worth the money. saved up for months and super disappointed with the quality","human_written"
"wait are you serious?? thats insane i had no idea that was even possible lmao","human_written"
"bruh why does this always happen to me ðŸ˜¤ literally every single time","human_written"
"ok so update: tried it again and it worked?? no clue what i did differently but whatever im not complaining","human_written"
"yo anyone else having this issue or is it just me being dumb lol","human_written"
"nvm figured it out im an idiot haha thanks anyway","human_written"
